benchmarks,tpal (speedup),hbc (speedup),hbc (stdev),tpal (stdev)
mandelbrot,43.9,64.2,0.4320248309,0.3028667741
spmv_arrowhead,7.7,6.4,0.06092717958,0.4984531629
spmv_powerlaw,17.2,16,0.123398836,0.4176062134
spmv_random,19.1,19,0.4043638226,0.7171069824
floyd_warshall,10.3,11,0.1817424085,0.3442617632
plus_reduce_array,19.5,17.6,0.2052320687,0.8038612625
srad,24.65,31.8,0.5886562338,2.447827113
geomean,17.7,18.6,,