benchmarks,tpal (speedup),hbc (speedup),hbc (stdev),tpal (stdev)
mandelbrot,51.2,63.7,1.268178242,0.5677319431
spmv-arrowhead,8.3,6.4,0.05370285507,0.3730302205
spmv-powerlaw,18.8,17.1,0.07730990315,0.4639728913
spmv-random,21.5,19.5,0.5193676036,0.6278423408
floyd-warshall,21.8,24.1,0.3670041384,0.3652710143
plus-reduce-array,19.4,20.5,0.3758507585,0.6353670952
srad,29,42,1.203845477,2.370484901
geomean,21.5,22.4,,
