benchmarks,hbc (speedup),hbc_rf (speedup),hbc_rf_kmod (speedup),hbc (stdev),hbc_rf (stdev),hbc_rf_kmod (stdev),hbc (stdev)
mandelbrot,63.7,51.2,63.2,1.268178242,1.51964163,1.139156265,0.4320248309
spmv-arrowhead,6.4,5.7,6.5,0.05370285507,0.2975773121,0.03426461083,0.0943826298
spmv-powerlaw,17.1,14.7,17.2,0.07730990315,1.215018702,0.09582114862,0.06092717958
spmv-random,19.5,17.2,19.3,0.5193676036,1.005354979,0.5093180102,0.123398836
floyd-warshall,24.1,13.9,24.8,0.1342755833,0.575531921,0.2541468473,0.0905873093
plus-reduce-array,20.5,17.1,20.2,0.3758507585,0.7196266341,0.1693554634,0.4043638226
srad,42,28,40.9,1.203845477,2.136720081,1.289331547,0.1817424085
geomean,22.4,17.4,22.4,,,,