benchmarks,hbc (speedup),hbc_rf (speedup),hbc_rf_kmod (speedup),hbc (stdev),hbc_rf (stdev),hbc_rf_kmod (stdev)
mandelbrot,63.7,51.2,63.2,1.268178242,1.51964163,1.139156265
spmv-arrowhead,6.4,5.7,6.5,0.05370285507,0.2975773121,0.03426461083
spmv-powerlaw,17.1,14.7,17.2,0.07730990315,1.215018702,0.09582114862
spmv-random,19.5,17.2,19.3,0.5193676036,1.005354979,0.5093180102
floyd-warshall,24.1,13.9,24.8,0.3670041384,0.246454572,0.4140554467
kmeans,28.6,24.3,28.5,1.973022265,1.876926663,1.915839314
plus-reduce-array,20.5,17.1,20.2,0.3758507585,0.7196266341,0.1693554634
srad,42,28,40.9,1.203845477,2.136720081,1.289331547
geomean,23.1,18.2,23.0,,,